{"cameraMode":{"drawMode":0,"name":"Shaded","section":"Shading Mode"},"sceneLighting":false,"audioPlay":false,"sceneViewState":{"m_AlwaysRefresh":false,"showFog":true,"showSkybox":false,"showFlares":true,"showImageEffects":true,"showParticleSystems":true,"showVisualEffectGraphs":true,"m_FxEnabled":true},"in2DMode":false,"pivot":{"x":1.781358003616333,"y":1.2094573974609376,"z":5.910917282104492},"rotation":{"x":-0.008253593929111958,"y":-0.8969703316688538,"z":0.4422585964202881,"w":-0.015635982155799867},"size":1.3038958311080933,"orthographic":false}