{"cameraMode":{"drawMode":0,"name":"Shaded","section":"Shading Mode"},"sceneLighting":false,"audioPlay":false,"sceneViewState":{"m_AlwaysRefresh":false,"showFog":true,"showSkybox":false,"showFlares":true,"showImageEffects":true,"showParticleSystems":true,"showVisualEffectGraphs":true,"m_FxEnabled":true},"in2DMode":false,"pivot":{"x":-0.7374657392501831,"y":0.9336044788360596,"z":5.599116802215576},"rotation":{"x":0.00046379241393879056,"y":-0.8896535634994507,"z":0.4570569396018982,"w":0.0018109026132151485},"size":0.722831130027771,"orthographic":false}