{"cameraMode":{"drawMode":0,"name":"Shaded","section":"Shading Mode"},"sceneLighting":false,"audioPlay":false,"sceneViewState":{"m_AlwaysRefresh":false,"showFog":true,"showSkybox":false,"showFlares":true,"showImageEffects":true,"showParticleSystems":true,"showVisualEffectGraphs":true,"m_FxEnabled":true},"in2DMode":false,"pivot":{"x":5.917643070220947,"y":11.029767036437989,"z":6.7638726234436039},"rotation":{"x":0.008555819280445576,"y":0.9885080456733704,"z":-0.14716733992099763,"w":0.043731577694416049},"size":0.7635902762413025,"orthographic":false}