{"cameraMode":{"drawMode":0,"name":"Shaded","section":"Shading Mode"},"sceneLighting":false,"audioPlay":false,"sceneViewState":{"m_AlwaysRefresh":false,"showFog":true,"showSkybox":false,"showFlares":true,"showImageEffects":true,"showParticleSystems":true,"showVisualEffectGraphs":true,"m_FxEnabled":true},"in2DMode":false,"pivot":{"x":7.062107563018799,"y":3.0332584381103517,"z":11.156079292297364},"rotation":{"x":0.5608910918235779,"y":0.016628842800855638,"z":-0.008718486875295639,"w":0.8283249735832214},"size":0.7228416204452515,"orthographic":false}