{"cameraMode":{"drawMode":0,"name":"Shaded","section":"Shading Mode"},"sceneLighting":false,"audioPlay":false,"sceneViewState":{"m_AlwaysRefresh":false,"showFog":true,"showSkybox":false,"showFlares":true,"showImageEffects":true,"showParticleSystems":true,"showVisualEffectGraphs":true,"m_FxEnabled":true},"in2DMode":false,"pivot":{"x":12.236148834228516,"y":5.779891490936279,"z":18.865127563476564},"rotation":{"x":0.1112845316529274,"y":0.1262349635362625,"z":-0.012814054265618325,"w":0.9862277507781982},"size":11.175625801086426,"orthographic":false}