{"cameraMode":{"drawMode":0,"name":"Shaded","section":"Shading Mode"},"sceneLighting":false,"audioPlay":false,"sceneViewState":{"m_AlwaysRefresh":false,"showFog":true,"showSkybox":false,"showFlares":true,"showImageEffects":true,"showParticleSystems":true,"showVisualEffectGraphs":true,"m_FxEnabled":true},"in2DMode":false,"pivot":{"x":1.8054068088531495,"y":0.6805698871612549,"z":5.972484111785889},"rotation":{"x":0.3454739451408386,"y":-0.056264590471982959,"z":0.020743556320667268,"w":0.9365308284759522},"size":1.8542710542678834,"orthographic":false}