{"cameraMode":{"drawMode":0,"name":"Shaded","section":"Shading Mode"},"sceneLighting":false,"audioPlay":false,"sceneViewState":{"m_AlwaysRefresh":false,"showFog":true,"showSkybox":false,"showFlares":true,"showImageEffects":true,"showParticleSystems":true,"showVisualEffectGraphs":true,"m_FxEnabled":true},"in2DMode":false,"pivot":{"x":7.062107563018799,"y":3.0332584381103517,"z":11.156079292297364},"rotation":{"x":0.45489808917045596,"y":-0.05430755391716957,"z":0.029187237843871118,"w":0.8888927698135376},"size":0.7228416204452515,"orthographic":false}